dataset,type1_error,mean_F,var_F,mean_MSa,var_MSa,mean_MSE,var_MSE,mean_R2,tukey_fwer
exp,0.0101,1.010443059217575,0.072884942481261,6802499619985376e32,4566245475883907e84,680250462228998e33,4566245486207872e84,0.27023941616480285,0.0047
log,0.0486,1.044036396627864,0.3743517362779325,0.03535310996484837,8.578286401578218e-4,0.035478318548854144,4.731595384143028e-4,0.5077031095659605,0.0491
lognormal,0.0464,1.0398779874560344,0.3745331011053294,14.827129357132234,163.31198202358198,14.991603283090479,102.59226881104836,0.4964747475542415,0.0486
normal,0.0446,1.0373230880167708,0.36595550976486607,14.754393058614317,151.2035149580898,14.931816612292883,90.54173919099685,0.49657201962142633,0.0443
