method,type1_error,mean_F,var_F,mean_MSa,var_MSa,mean_MSE,var_MSE,mean_R2,tukey_fwer
CMIB,0.0498,1.0532784351964046,0.3830572599714079,6.4458007300568845,12.437994689823118,6.417002791174861,2.577573095619381,0.6386242278700823,0.051
CMIT,0.358,2.0743756401231903,1.631353288597126,16.361007746394996,90.29569369855638,8.261022130734347,4.322306295280579,0.5026775031179961,0.3368
complete,0.064,1.0599962547120705,0.4278142702650396,9.088506836786026,24.383581933690177,9.003716537566687,3.758499579446113,0.5640845192099276,0.05
linear_imp,0.4491,2.425148252053584,2.5099818092370865,13.450245419587677,55.868699307592856,5.985215213007864,2.526821522540744,0.6779691329584021,0.4143
mean_imp,0.0512,1.0565299658069947,0.38536519002001574,8.28954553207352,20.563003179689986,8.210213847111373,3.883143205613001,0.47733928480213766,0.0472
